Sun,Rain,Fog
60,Dry,Clear
60,Dry,Light
60,Dry,Moderate
60,Light,Light
60,Light,Moderate
60,Light,Heavy
60,Moderate,Clear
60,Moderate,Light
60,Moderate,Heavy
60,Heavy,Clear
60,Heavy,Light
60,Heavy,Moderate
60,Heavy,Heavy
30,Dry,Clear
30,Dry,Moderate
30,Dry,Heavy
30,Light,Clear
30,Light,Light
30,Light,Moderate
30,Moderate,Clear
30,Moderate,Light
30,Moderate,Moderate
30,Moderate,Heavy
30,Heavy,Clear
30,Heavy,Light
30,Heavy,Heavy
0,Dry,Clear
0,Dry,Light
0,Dry,Moderate
0,Dry,Heavy
0,Light,Clear
0,Light,Moderate
0,Light,Heavy
0,Moderate,Clear
0,Moderate,Light
0,Moderate,Moderate
0,Heavy,Light
0,Heavy,Moderate
0,Heavy,Heavy
-30,Dry,Clear
-30,Dry,Light
-30,Dry,Heavy
-30,Light,Clear
-30,Light,Light
-30,Light,Moderate
-30,Light,Heavy
-30,Moderate,Light
-30,Moderate,Moderate
-30,Moderate,Heavy
-30,Heavy,Clear
-30,Heavy,Moderate
-30,Heavy,Heavy
